Age,Gender,High_School_GPA,SAT_Score,University_GPA,Field_of_Study,Internships_Completed,Projects_Completed,Certifications,Soft_Skills_Score,Networking_Score,Job_Offers,Starting_Salary,Career_Satisfaction,Years_to_Promotion,Current_Job_Level,Work_Life_Balance
22,Male,3.8,1450,3.6,Computer Science,3,7,2,8,7,3,85000,8,2,Mid,7
24,Female,3.6,1380,3.4,Business,2,5,3,7,6,2,65000,7,3,Mid,6
21,Male,3.9,1520,3.8,Engineering,4,9,4,9,8,4,120000,9,1,Senior,6
23,Female,3.5,1300,3.2,Psychology,1,3,1,6,5,1,48000,6,4,Entry,8
25,Male,3.7,1420,3.5,Medicine,2,6,2,8,7,3,95000,8,2,Mid,5
22,Female,3.4,1250,3.1,Education,1,4,1,7,6,1,42000,7,5,Entry,9
24,Male,3.2,1180,2.9,Arts,0,2,0,6,4,0,35000,5,5,Entry,7
23,Female,3.8,1480,3.7,Law,3,8,3,9,8,3,110000,9,2,Mid,6
21,Male,3.6,1350,3.3,Finance,2,5,2,7,7,2,72000,7,3,Mid,6
25,Female,3.9,1550,3.9,Computer Science,4,9,5,10,9,5,140000,10,1,Senior,5
22,Male,3.3,1220,3.0,Marketing,1,3,1,6,5,1,40000,6,4,Entry,8
24,Female,3.7,1400,3.5,Nursing,2,6,2,8,7,2,68000,7,3,Mid,7
23,Male,3.5,1320,3.2,Engineering,2,5,2,7,6,2,60000,7,4,Mid,6
21,Female,3.8,1460,3.6,Business,3,7,3,9,8,3,90000,8,2,Mid,7
25,Male,3.6,1380,3.4,Computer Science,3,6,3,8,7,3,80000,8,3,Mid,6
22,Female,3.4,1240,3.1,Psychology,1,4,1,7,6,1,45000,6,5,Entry,8
24,Male,3.2,1160,2.8,Arts,0,2,0,5,4,0,32000,5,5,Entry,7
23,Female,3.9,1580,4.0,Medicine,4,9,5,10,9,5,150000,10,1,Senior,5
21,Male,3.7,1420,3.5,Engineering,3,7,3,8,7,3,95000,8,2,Mid,6
25,Female,3.5,1300,3.2,Education,2,5,2,7,6,2,52000,7,4,Entry,8
22,Male,3.8,1470,3.7,Finance,3,8,3,9,8,4,105000,9,2,Mid,6
24,Female,3.6,1360,3.4,Marketing,2,6,2,8,7,2,72000,7,3,Mid,7
23,Male,3.4,1280,3.1,Business,1,4,1,7,6,1,48000,6,5,Entry,8
21,Female,3.9,1540,3.9,Computer Science,4,9,4,10,9,5,135000,10,1,Senior,5
25,Male,3.7,1400,3.5,Law,3,7,3,8,7,3,98000,8,2,Mid,6
22,Female,3.5,1320,3.3,Nursing,2,5,2,7,6,2,65000,7,4,Mid,7
24,Male,3.3,1200,3.0,Psychology,1,3,1,6,5,1,42000,6,5,Entry,8
23,Female,3.8,1490,3.7,Engineering,3,8,3,9,8,4,115000,9,2,Mid,6
21,Male,3.6,1340,3.4,Business,2,6,2,8,7,2,78000,7,3,Mid,6
25,Female,3.9,1560,4.0,Medicine,4,9,5,10,9,5,145000,10,1,Senior,5
22,Male,3.4,1260,3.1,Marketing,1,4,1,7,6,1,46000,6,5,Entry,7
24,Female,3.7,1420,3.5,Finance,3,7,3,8,7,3,88000,8,2,Mid,7
23,Male,3.5,1300,3.2,Computer Science,2,5,2,7,6,2,70000,7,4,Mid,6
21,Female,3.8,1480,3.6,Business,3,8,3,9,8,4,102000,9,2,Mid,6
25,Male,3.6,1380,3.4,Engineering,3,6,3,8,7,3,82000,8,3,Mid,6
22,Female,3.2,1180,2.9,Arts,0,2,0,6,5,0,34000,5,5,Entry,7
24,Male,3.9,1530,3.8,Law,4,9,4,10,9,5,125000,10,1,Senior,5
23,Female,3.7,1400,3.5,Psychology,2,6,2,8,7,2,68000,7,3,Mid,7
21,Male,3.5,1320,3.3,Medicine,2,5,2,7,6,2,62000,7,4,Mid,6
25,Female,3.8,1500,3.7,Computer Science,3,7,3,9,8,4,112000,9,2,Mid,6
22,Male,3.6,1360,3.4,Business,2,5,2,8,7,2,76000,7,3,Mid,6
24,Female,3.4,1240,3.1,Education,1,4,1,7,6,1,50000,6,5,Entry,8
23,Male,3.2,1190,2.8,Arts,0,2,0,5,4,0,31000,5,5,Entry,7
21,Female,3.9,1570,3.9,Engineering,4,9,5,10,9,5,138000,10,1,Senior,5
25,Male,3.7,1410,3.5,Finance,3,7,3,8,7,3,92000,8,2,Mid,6
22,Female,3.5,1290,3.2,Marketing,2,5,2,7,6,2,64000,7,4,Mid,7
24,Male,3.3,1210,3.0,Psychology,1,3,1,6,5,1,44000,6,5,Entry,8
23,Female,3.8,1450,3.6,Business,3,8,3,9,8,4,98000,9,2,Mid,6
21,Male,3.6,1330,3.4,Computer Science,2,6,2,8,7,2,80000,7,3,Mid,6
25,Female,3.9,1540,3.9,Medicine,4,9,5,10,9,5,142000,10,1,Senior,5
22,Male,3.5,1280,3.2,Engineering,2,5,2,7,6,2,68000,7,4,Mid,6
24,Female,3.7,1420,3.5,Business,3,7,3,8,7,3,88000,8,2,Mid,7
23,Male,3.4,1260,3.1,Marketing,1,4,1,7,6,1,46000,6,5,Entry,7
21,Female,3.9,1540,3.9,Computer Science,4,9,5,10,9,5,135000,10,1,Senior,5
25,Male,3.6,1380,3.4,Law,3,6,3,8,7,3,82000,8,3,Mid,6
22,Female,3.2,1180,2.9,Arts,0,2,0,6,5,0,34000,5,5,Entry,7
24,Male,3.8,1490,3.7,Medicine,4,9,4,9,8,4,115000,9,2,Mid,6
23,Female,3.6,1340,3.4,Finance,2,5,2,8,7,2,78000,7,3,Mid,6
21,Male,3.7,1460,3.6,Engineering,3,7,3,9,8,3,98000,8,2,Mid,6
25,Female,3.5,1320,3.3,Psychology,2,5,2,7,6,2,65000,7,4,Mid,7
22,Male,3.3,1220,3.0,Business,1,4,1,6,5,1,52000,6,5,Entry,8
24,Female,3.9,1570,3.9,Computer Science,4,9,5,10,9,5,142000,10,1,Senior,5
23,Male,3.6,1380,3.5,Law,3,7,3,8,7,3,92000,8,2,Mid,6
21,Female,3.4,1240,3.2,Nursing,2,6,2,7,6,2,68000,7,4,Mid,7
25,Male,3.2,1160,2.8,Arts,0,2,0,5,4,0,31000,5,5,Entry,7
22,Female,3.8,1480,3.7,Business,3,8,3,9,8,4,102000,9,2,Mid,6
24,Male,3.5,1300,3.3,Engineering,2,6,2,7,6,2,76000,7,3,Mid,6
23,Female,3.7,1440,3.5,Psychology,3,7,3,8,7,3,72000,8,3,Mid,7
21,Male,3.9,1550,3.8,Medicine,4,9,5,10,9,5,148000,10,1,Senior,5
25,Female,3.6,1360,3.4,Marketing,3,6,3,8,7,3,84000,8,3,Mid,6
22,Male,3.4,1280,3.1,Business,1,5,1,7,6,1,56000,6,5,Entry,8
24,Female,3.8,1500,3.7,Computer Science,4,8,4,9,8,4,118000,9,2,Mid,6
23,Male,3.5,1320,3.3,Law,2,5,2,7,6,2,68000,7,4,Mid,7
21,Female,3.7,1460,3.6,Engineering,3,7,3,8,7,3,94000,8,2,Mid,6
25,Male,3.9,1580,4.0,Medicine,4,9,5,10,9,5,152000,10,1,Senior,5
22,Female,3.6,1400,3.5,Psychology,2,6,2,8,7,2,70000,7,3,Mid,7
24,Male,3.3,1200,3.0,Arts,1,3,1,6,5,1,46000,6,5,Entry,8
23,Female,3.8,1520,3.8,Business,3,8,3,9,8,4,108000,9,2,Mid,6
21,Male,3.5,1340,3.4,Engineering,2,5,2,7,6,2,74000,7,3,Mid,6
25,Female,3.7,1420,3.5,Marketing,3,7,3,8,7,3,90000,8,2,Mid,6
22,Male,3.4,1260,3.2,Business,1,4,1,7,6,1,52000,6,5,Entry,7
24,Female,3.9,1540,3.9,Computer Science,4,9,5,10,9,5,138000,10,1,Senior,5
23,Male,3.6,1380,3.4,Law,3,6,3,8,7,3,86000,8,3,Mid,6
21,Female,3.5,1300,3.3,Psychology,2,5,2,7,6,2,62000,7,4,Mid,7
25,Male,3.8,1480,3.7,Engineering,4,8,4,9,8,4,112000,9,2,Mid,6
22,Female,3.6,1360,3.5,Business,3,7,3,8,7,3,88000,8,2,Mid,7
24,Male,3.4,1240,3.1,Arts,1,3,1,6,5,1,48000,6,5,Entry,8
23,Female,3.7,1460,3.6,Medicine,3,7,3,9,8,3,98000,9,2,Mid,6
21,Male,3.9,1560,3.9,Computer Science,4,9,5,10,9,5,144000,10,1,Senior,5
25,Female,3.5,1320,3.3,Marketing,2,6,2,7,6,2,68000,7,4,Mid,7
22,Male,3.3,1180,2.9,Psychology,1,3,1,6,5,1,44000,6,5,Entry,8
24,Female,3.8,1500,3.7,Business,3,8,3,9,8,4,104000,9,2,Mid,6
23,Male,3.6,1340,3.4,Engineering,2,5,2,8,7,2,80000,7,3,Mid,6
21,Female,3.7,1440,3.5,Medicine,3,7,3,9,8,3,92000,8,2,Mid,6
25,Male,3.9,1570,3.8,Computer Science,4,9,5,10,9,5,146000,10,1,Senior,5
22,Female,3.5,1280,3.2,Law,2,6,2,7,6,2,72000,7,4,Mid,7
24,Male,3.4,1220,3.0,Business,1,4,1,6,5,1,56000,6,5,Entry,8
23,Female,3.8,1520,3.7,Psychology,3,8,3,9,8,4,100000,9,2,Mid,6
21,Male,3.6,1360,3.4,Engineering,2,5,2,8,7,2,78000,7,3,Mid,6
25,Female,3.7,1400,3.5,Medicine,3,7,3,9,8,3,94000,8,2,Mid,6
22,Male,3.5,1300,3.3,Business,2,6,2,7,6,2,72000,7,4,Mid,6
24,Female,3.7,1440,3.5,Engineering,3,7,3,8,7,3,88000,8,2,Mid,7
23,Male,3.4,1260,3.1,Psychology,1,4,1,6,5,1,56000,6,5,Entry,8
21,Female,3.9,1560,3.8,Computer Science,4,9,5,10,9,5,140000,10,1,Senior,5
25,Male,3.6,1380,3.4,Law,3,6,3,8,7,3,84000,8,3,Mid,6
22,Female,3.2,1180,2.9,Arts,0,2,0,5,4,0,38000,5,5,Entry,7
24,Male,3.8,1500,3.7,Medicine,4,8,4,9,8,4,118000,9,2,Mid,6
23,Female,3.6,1340,3.4,Marketing,2,5,2,7,6,2,76000,7,3,Mid,6
21,Male,3.7,1480,3.6,Engineering,3,7,3,8,7,3,96000,8,2,Mid,6
25,Female,3.5,1320,3.3,Business,2,6,2,7,6,2,68000,7,4,Mid,7
22,Male,3.3,1240,3.0,Psychology,1,3,1,6,5,1,48000,6,5,Entry,8
24,Female,3.9,1540,3.9,Computer Science,4,9,5,10,9,5,136000,10,1,Senior,5
23,Male,3.6,1360,3.4,Law,3,6,3,8,7,3,84000,8,3,Mid,6
21,Female,3.5,1300,3.2,Marketing,2,5,2,7,6,2,64000,7,4,Mid,7
25,Male,3.8,1520,3.7,Engineering,4,8,4,9,8,4,114000,9,2,Mid,6
22,Female,3.6,1380,3.5,Business,3,7,3,8,7,3,90000,8,2,Mid,7
24,Male,3.4,1280,3.1,Arts,1,4,1,6,5,1,52000,6,5,Entry,8
23,Female,3.7,1460,3.6,Medicine,3,7,3,9,8,3,96000,9,2,Mid,6
21,Male,3.9,1580,3.9,Computer Science,4,9,5,10,9,5,148000,10,1,Senior,5
25,Female,3.6,1400,3.4,Law,3,6,3,8,7,3,88000,8,3,Mid,6
22,Male,3.4,1220,3.0,Psychology,1,3,1,6,5,1,46000,6,5,Entry,7
24,Female,3.8,1480,3.7,Business,3,8,3,9,8,4,106000,9,2,Mid,6
23,Male,3.5,1340,3.3,Engineering,2,6,2,7,6,2,78000,7,3,Mid,6
21,Female,3.7,1440,3.5,Marketing,3,7,3,8,7,3,72000,8,3,Mid,7
25,Male,3.9,1560,3.8,Medicine,4,9,5,10,9,5,150000,10,1,Senior,5
22,Female,3.5,1300,3.2,Business,2,5,2,7,6,2,70000,7,4,Mid,7
24,Male,3.3,1200,3.0,Arts,1,3,1,6,5,1,50000,6,5,Entry,8
23,Female,3.8,1520,3.7,Engineering,3,8,3,9,8,4,110000,9,2,Mid,6
21,Male,3.6,1360,3.4,Law,2,5,2,8,7,2,82000,7,3,Mid,6
25,Female,3.7,1420,3.5,Psychology,3,7,3,8,7,3,86000,8,2,Mid,7
22,Male,3.4,1260,3.1,Business,1,4,1,7,6,1,54000,6,5,Entry,8
24,Female,3.9,1540,3.9,Computer Science,4,9,5,10,9,5,138000,10,1,Senior,5
23,Male,3.6,1380,3.4,Marketing,3,6,3,8,7,3,88000,8,3,Mid,6
21,Female,3.5,1320,3.3,Engineering,2,5,2,7,6,2,72000,7,4,Mid,7
25,Male,3.8,1500,3.7,Business,3,7,3,9,8,4,104000,9,2,Mid,6
22,Female,3.6,1340,3.5,Psychology,2,6,2,8,7,2,74000,7,3,Mid,7
24,Male,3.4,1240,3.0,Arts,1,3,1,6,5,1,52000,6,5,Entry,8
23,Female,3.7,1460,3.6,Medicine,3,7,3,9,8,3,98000,9,2,Mid,6
21,Male,3.9,1560,3.9,Computer Science,4,9,5,10,9,5,144000,10,1,Senior,5
25,Female,3.5,1280,3.2,Law,2,6,2,7,6,2,76000,7,4,Mid,7
22,Male,3.3,1180,2.9,Business,1,4,1,6,5,1,48000,6,5,Entry,8
24,Female,3.8,1520,3.7,Marketing,3,8,3,9,8,4,102000,9,2,Mid,6
23,Male,3.6,1360,3.4,Engineering,2,5,2,8,7,2,80000,7,3,Mid,6
21,Female,3.7,1480,3.5,Psychology,3,7,3,9,8,3,94000,8,2,Mid,6
25,Male,3.9,1580,3.8,Medicine,4,9,5,10,9,5,146000,10,1,Senior,5
22,Female,3.5,1320,3.3,Business,2,6,2,7,6,2,70000,7,4,Mid,7
24,Male,3.4,1220,3.0,Arts,1,3,1,6,5,1,54000,6,5,Entry,8
23,Female,3.8,1500,3.7,Computer Science,3,8,3,9,8,4,108000,9,2,Mid,6
21,Male,3.6,1340,3.4,Law,2,5,2,8,7,2,82000,7,3,Mid,6
25,Female,3.7,1400,3.5,Psychology,3,7,3,8,7,3,88000,8,2,Mid,7
22,Male,3.5,1300,3.2,Engineering,2,6,2,7,6,2,74000,7,4,Mid,6
24,Female,3.9,1540,3.9,Business,4,9,4,10,9,5,134000,10,1,Senior,5
23,Male,3.6,1380,3.5,Marketing,3,7,3,8,7,3,90000,8,3,Mid,6
21,Female,3.4,1260,3.1,Psychology,1,4,1,6,5,1,56000,6,5,Entry,8
25,Male,3.8,1480,3.7,Engineering,4,8,4,9,8,4,116000,9,2,Mid,6
22,Female,3.7,1420,3.5,Business,3,7,3,8,7,3,88000,8,2,Mid,7
24,Male,3.5,1300,3.3,Law,2,6,2,7,6,2,72000,7,4,Mid,6
23,Female,3.9,1560,3.9,Computer Science,4,9,5,10,9,5,140000,10,1,Senior,5
21,Male,3.6,1360,3.4,Psychology,2,5,2,8,7,2,80000,7,3,Mid,6
25,Female,3.7,1440,3.6,Marketing,3,7,3,9,8,3,94000,9,2,Mid,6
22,Male,3.4,1240,3.0,Business,1,4,1,6,5,1,52000,6,5,Entry,8
24,Female,3.8,1500,3.7,Engineering,3,8,3,9,8,4,110000,9,2,Mid,6
23,Male,3.5,1320,3.3,Law,2,5,2,7,6,2,76000,7,3,Mid,6
21,Female,3.7,1460,3.5,Psychology,3,7,3,8,7,3,90000,8,2,Mid,7
25,Male,3.9,1580,3.8,Medicine,4,9,5,10,9,5,148000,10,1,Senior,5
22,Female,3.6,1380,3.4,Business,2,6,2,8,7,2,84000,8,3,Mid,7
24,Male,3.3,1200,3.0,Arts,1,3,1,6,5,1,50000,6,5,Entry,8
23,Female,3.8,1520,3.7,Computer Science,3,8,3,9,8,4,106000,9,2,Mid,6
21,Male,3.6,1340,3.4,Marketing,2,5,2,7,6,2,78000,7,3,Mid,6
25,Female,3.7,1400,3.5,Engineering,3,7,3,8,7,3,92000,8,2,Mid,6
22,Male,3.5,1280,3.2,Business,2,6,2,7,6,2,72000,7,4,Mid,6
24,Female,3.7,1440,3.5,Engineering,3,7,3,8,7,3,88000,8,2,Mid,7
23,Male,3.4,1260,3.1,Psychology,1,4,1,6,5,1,56000,6,5,Entry,8
21,Female,3.9,1560,3.8,Computer Science,4,9,5,10,9,5,140000,10,1,Senior,5
25,Male,3.6,1380,3.4,Law,3,6,3,8,7,3,84000,8,3,Mid,6
22,Female,3.2,1180,2.9,Arts,0,2,0,5,4,0,38000,5,5,Entry,7
24,Male,3.8,1500,3.7,Medicine,4,8,4,9,8,4,118000,9,2,Mid,6
23,Female,3.6,1340,3.4,Marketing,2,5,2,7,6,2,76000,7,3,Mid,6
21,Male,3.7,1480,3.6,Engineering,3,7,3,8,7,3,96000,8,2,Mid,6
25,Female,3.5,1320,3.3,Business,2,6,2,7,6,2,68000,7,4,Mid,7
22,Male,3.3,1240,3.0,Psychology,1,3,1,6,5,1,48000,6,5,Entry,8
24,Female,3.9,1540,3.9,Computer Science,4,9,5,10,9,5,136000,10,1,Senior,5
23,Male,3.6,1360,3.4,Law,3,6,3,8,7,3,84000,8,3,Mid,6
21,Female,3.5,1300,3.2,Marketing,2,5,2,7,6,2,64000,7,4,Mid,7
25,Male,3.8,1520,3.7,Engineering,4,8,4,9,8,4,114000,9,2,Mid,6
22,Female,3.6,1380,3.5,Business,3,7,3,8,7,3,90000,8,2,Mid,7
24,Male,3.4,1280,3.1,Arts,1,4,1,6,5,1,52000,6,5,Entry,8
23,Female,3.7,1460,3.6,Medicine,3,7,3,9,8,3,96000,9,2,Mid,6
21,Male,3.9,1580,3.9,Computer Science,4,9,5,10,9,5,148000,10,1,Senior,5
25,Female,3.6,1400,3.4,Law,3,6,3,8,7,3,88000,8,3,Mid,6
22,Male,3.4,1220,3.0,Psychology,1,3,1,6,5,1,46000,6,5,Entry,7
24,Female,3.8,1480,3.7,Business,3,8,3,9,8,4,106000,9,2,Mid,6
23,Male,3.5,1340,3.3,Engineering,2,6,2,7,6,2,78000,7,3,Mid,6
21,Female,3.7,1440,3.5,Marketing,3,7,3,8,7,3,72000,8,3,Mid,7
25,Male,3.9,1560,3.8,Medicine,4,9,5,10,9,5,150000,10,1,Senior,5
22,Female,3.5,1300,3.2,Business,2,5,2,7,6,2,70000,7,4,Mid,7
24,Male,3.3,1200,3.0,Arts,1,3,1,6,5,1,50000,6,5,Entry,8
23,Female,3.8,1520,3.7,Engineering,3,8,3,9,8,4,110000,9,2,Mid,6
21,Male,3.6,1360,3.4,Law,2,5,2,8,7,2,82000,7,3,Mid,6
25,Female,3.7,1420,3.5,Psychology,3,7,3,8,7,3,86000,8,2,Mid,7
22,Male,3.4,1260,3.1,Business,1,4,1,7,6,1,54000,6,5,Entry,8
24,Female,3.9,1540,3.9,Computer Science,4,9,5,10,9,5,138000,10,1,Senior,5
23,Male,3.6,1380,3.4,Marketing,3,6,3,8,7,3,88000,8,3,Mid,6
21,Female,3.5,1320,3.3,Engineering,2,5,2,7,6,2,72000,7,4,Mid,7
25,Male,3.8,1500,3.7,Business,3,7,3,9,8,4,104000,9,2,Mid,6
22,Female,3.6,1340,3.5,Psychology,2,6,2,8,7,2,74000,7,3,Mid,7
24,Male,3.4,1240,3.0,Arts,1,3,1,6,5,1,52000,6,5,Entry,8
23,Female,3.7,1460,3.6,Medicine,3,7,3,9,8,3,98000,9,2,Mid,6
21,Male,3.9,1560,3.9,Computer Science,4,9,5,10,9,5,144000,10,1,Senior,5
25,Female,3.5,1280,3.2,Law,2,6,2,7,6,2,76000,7,4,Mid,7
22,Male,3.3,1180,2.9,Business,1,4,1,6,5,1,48000,6,5,Entry,8
24,Female,3.8,1520,3.7,Marketing,3,8,3,9,8,4,102000,9,2,Mid,6
23,Male,3.6,1360,3.4,Engineering,2,5,2,8,7,2,80000,7,3,Mid,6
21,Female,3.7,1480,3.5,Psychology,3,7,3,9,8,3,94000,8,2,Mid,6
25,Male,3.9,1580,3.8,Medicine,4,9,5,10,9,5,146000,10,1,Senior,5
22,Female,3.5,1320,3.3,Business,2,6,2,7,6,2,70000,7,4,Mid,7
24,Male,3.4,1220,3.0,Arts,1,3,1,6,5,1,54000,6,5,Entry,8
23,Female,3.8,1500,3.7,Computer Science,3,8,3,9,8,4,108000,9,2,Mid,6
21,Male,3.6,1340,3.4,Law,2,5,2,8,7,2,82000,7,3,Mid,6
25,Female,3.7,1400,3.5,Psychology,3,7,3,8,7,3,88000,8,2,Mid,7
22,Male,3.5,1300,3.2,Engineering,2,6,2,7,6,2,74000,7,4,Mid,6
24,Female,3.9,1540,3.9,Business,4,9,4,10,9,5,134000,10,1,Senior,5
23,Male,3.6,1380,3.5,Marketing,3,7,3,8,7,3,90000,8,3,Mid,6
21,Female,3.4,1260,3.1,Psychology,1,4,1,6,5,1,56000,6,5,Entry,8
25,Male,3.8,1480,3.7,Engineering,4,8,4,9,8,4,116000,9,2,Mid,6
22,Female,3.7,1420,3.5,Business,3,7,3,8,7,3,88000,8,2,Mid,7
24,Male,3.5,1300,3.3,Law,2,6,2,7,6,2,72000,7,4,Mid,6
23,Female,3.9,1560,3.9,Computer Science,4,9,5,10,9,5,140000,10,1,Senior,5
21,Male,3.6,1360,3.4,Psychology,2,5,2,8,7,2,80000,7,3,Mid,6
25,Female,3.7,1440,3.6,Marketing,3,7,3,9,8,3,94000,9,2,Mid,6
22,Male,3.5,1300,3.3,Business,2,6,2,7,6,2,72000,7,4,Mid,6
24,Female,3.7,1440,3.5,Engineering,3,7,3,8,7,3,88000,8,2,Mid,7
23,Male,3.4,1260,3.1,Psychology,1,4,1,6,5,1,56000,6,5,Entry,8
21,Female,3.9,1560,3.8,Computer Science,4,9,5,10,9,5,140000,10,1,Senior,5
25,Male,3.6,1380,3.4,Law,3,6,3,8,7,3,84000,8,3,Mid,6
22,Female,3.2,1180,2.9,Arts,0,2,0,5,4,0,38000,5,5,Entry,7
24,Male,3.8,1500,3.7,Medicine,4,8,4,9,8,4,118000,9,2,Mid,6
23,Female,3.6,1340,3.4,Marketing,2,5,2,7,6,2,76000,7,3,Mid,6
21,Male,3.7,1480,3.6,Engineering,3,7,3,8,7,3,96000,8,2,Mid,6
25,Female,3.5,1320,3.3,Business,2,6,2,7,6,2,68000,7,4,Mid,7
22,Male,3.3,1240,3.0,Psychology,1,3,1,6,5,1,48000,6,5,Entry,8
24,Female,3.9,1540,3.9,Computer Science,4,9,5,10,9,5,136000,10,1,Senior,5
23,Male,3.6,1360,3.4,Law,3,6,3,8,7,3,84000,8,3,Mid,6
21,Female,3.5,1300,3.2,Marketing,2,5,2,7,6,2,64000,7,4,Mid,7
25,Male,3.8,1520,3.7,Engineering,4,8,4,9,8,4,114000,9,2,Mid,6
22,Female,3.6,1380,3.5,Business,3,7,3,8,7,3,90000,8,2,Mid,7
24,Male,3.4,1280,3.1,Arts,1,4,1,6,5,1,52000,6,5,Entry,8
23,Female,3.7,1460,3.6,Medicine,3,7,3,9,8,3,96000,9,2,Mid,6
21,Male,3.9,1580,3.9,Computer Science,4,9,5,10,9,5,148000,10,1,Senior,5
25,Female,3.6,1400,3.4,Law,3,6,3,8,7,3,88000,8,3,Mid,6
22,Male,3.4,1220,3.0,Psychology,1,3,1,6,5,1,46000,6,5,Entry,7
24,Female,3.8,1480,3.7,Business,3,8,3,9,8,4,106000,9,2,Mid,6
23,Male,3.5,1340,3.3,Engineering,2,6,2,7,6,2,78000,7,3,Mid,6
21,Female,3.7,1440,3.5,Marketing,3,7,3,8,7,3,72000,8,3,Mid,7
25,Male,3.9,1560,3.8,Medicine,4,9,5,10,9,5,150000,10,1,Senior,5
22,Female,3.5,1300,3.2,Business,2,5,2,7,6,2,70000,7,4,Mid,7
24,Male,3.3,1200,3.0,Arts,1,3,1,6,5,1,50000,6,5,Entry,8
23,Female,3.8,1520,3.7,Computer Science,3,8,3,9,8,4,110000,9,2,Mid,6
21,Male,3.6,1360,3.4,Law,2,5,2,8,7,2,82000,7,3,Mid,6
25,Female,3.7,1420,3.5,Psychology,3,7,3,8,7,3,86000,8,2,Mid,7
22,Male,3.4,1260,3.1,Business,1,4,1,7,6,1,54000,6,5,Entry,8
24,Female,3.9,1540,3.9,Computer Science,4,9,5,10,9,5,138000,10,1,Senior,5
23,Male,3.6,1380,3.4,Marketing,3,6,3,8,7,3,88000,8,3,Mid,6
21,Female,3.5,1320,3.3,Engineering,2,5,2,7,6,2,72000,7,4,Mid,7
25,Male,3.8,1500,3.7,Business,3,7,3,9,8,4,104000,9,2,Mid,6
22,Female,3.6,1340,3.5,Psychology,2,6,2,8,7,2,74000,7,3,Mid,7
24,Male,3.4,1240,3.0,Arts,1,3,1,6,5,1,52000,6,5,Entry,8
23,Female,3.7,1460,3.6,Medicine,3,7,3,9,8,3,98000,9,2,Mid,6
21,Male,3.9,1560,3.9,Computer Science,4,9,5,10,9,5,144000,10,1,Senior,5
25,Female,3.5,1280,3.2,Law,2,6,2,7,6,2,76000,7,4,Mid,7
22,Male,3.3,1180,2.9,Business,1,4,1,6,5,1,48000,6,5,Entry,8
24,Female,3.8,1520,3.7,Marketing,3,8,3,9,8,4,102000,9,2,Mid,6
23,Male,3.6,1360,3.4,Engineering,2,5,2,8,7,2,80000,7,3,Mid,6
21,Female,3.7,1480,3.5,Psychology,3,7,3,9,8,3,94000,8,2,Mid,6
25,Male,3.9,1580,3.8,Medicine,4,9,5,10,9,5,146000,10,1,Senior,5
22,Female,3.5,1320,3.3,Business,2,6,2,7,6,2,70000,7,4,Mid,7
24,Male,3.4,1220,3.0,Arts,1,3,1,6,5,1,54000,6,5,Entry,8
23,Female,3.8,1500,3.7,Computer Science,3,8,3,9,8,4,108000,9,2,Mid,6
21,Male,3.6,1340,3.4,Law,2,5,2,8,7,2,82000,7,3,Mid,6
25,Female,3.7,1400,3.5,Psychology,3,7,3,8,7,3,88000,8,2,Mid,7
22,Male,3.5,1300,3.2,Engineering,2,6,2,7,6,2,74000,7,4,Mid,6
24,Female,3.9,1540,3.9,Business,4,9,4,10,9,5,134000,10,1,Senior,5
23,Male,3.6,1380,3.5,Marketing,3,7,3,8,7,3,90000,8,3,Mid,6
21,Female,3.4,1260,3.1,Psychology,1,4,1,6,5,1,56000,6,5,Entry,8
25,Male,3.8,1480,3.7,Engineering,4,8,4,9,8,4,116000,9,2,Mid,6
22,Female,3.7,1420,3.5,Business,3,7,3,8,7,3,88000,8,2,Mid,7
24,Male,3.5,1300,3.3,Law,2,6,2,7,6,2,72000,7,4,Mid,6
23,Female,3.9,1560,3.9,Computer Science,4,9,5,10,9,5,140000,10,1,Senior,5
21,Male,3.6,1360,3.4,Psychology,2,5,2,8,7,2,80000,7,3,Mid,6
25,Female,3.7,1440,3.6,Marketing,3,7,3,9,8,3,94000,9,2,Mid,6
22,Male,3.4,1240,3.0,Business,1,4,1,6,5,1,52000,6,5,Entry,8
24,Female,3.8,1500,3.7,Engineering,3,8,3,9,8,4,110000,9,2,Mid,6
23,Male,3.5,1320,3.3,Law,2,5,2,7,6,2,76000,7,3,Mid,6
21,Female,3.7,1460,3.5,Psychology,3,7,3,8,7,3,90000,8,2,Mid,7
25,Male,3.9,1580,3.8,Medicine,4,9,5,10,9,5,148000,10,1,Senior,5
22,Female,3.6,1380,3.4,Business,2,6,2,8,7,2,84000,8,3,Mid,7
24,Male,3.3,1200,3.0,Arts,1,3,1,6,5,1,50000,6,5,Entry,8
23,Female,3.8,1520,3.7,Computer Science,3,8,3,9,8,4,106000,9,2,Mid,6
21,Male,3.6,1340,3.4,Marketing,2,5,2,7,6,2,78000,7,3,Mid,6
25,Female,3.7,1400,3.5,Engineering,3,7,3,8,7,3,92000,8,2,Mid,6
22,Male,3.5,1300,3.3,Business,2,6,2,7,6,2,72000,7,4,Mid,6
24,Female,3.7,1440,3.5,Engineering,3,7,3,8,7,3,88000,8,2,Mid,7
23,Male,3.4,1260,3.1,Psychology,1,4,1,6,5,1,56000,6,5,Entry,8
21,Female,3.9,1560,3.8,Computer Science,4,9,5,10,9,5,140000,10,1,Senior,5
25,Male,3.6,1380,3.4,Law,3,6,3,8,7,3,84000,8,3,Mid,6
22,Female,3.2,1180,2.9,Arts,0,2,0,5,4,0,38000,5,5,Entry,7
24,Male,3.8,1500,3.7,Medicine,4,8,4,9,8,4,118000,9,2,Mid,6
23,Female,3.6,1340,3.4,Marketing,2,5,2,7,6,2,76000,7,3,Mid,6
21,Male,3.7,1480,3.6,Engineering,3,7,3,8,7,3,96000,8,2,Mid,6
25,Female,3.5,1320,3.3,Business,2,6,2,7,6,2,68000,7,4,Mid,7
22,Male,3.3,1240,3.0,Psychology,1,3,1,6,5,1,48000,6,5,Entry,8
24,Female,3.9,1540,3.9,Computer Science,4,9,5,10,9,5,136000,10,1,Senior,5
23,Male,3.6,1360,3.4,Law,3,6,3,8,7,3,84000,8,3,Mid,6
21,Female,3.5,1300,3.2,Marketing,2,5,2,7,6,2,64000,7,4,Mid,7
25,Male,3.8,1520,3.7,Engineering,4,8,4,9,8,4,114000,9,2,Mid,6
22,Female,3.6,1380,3.5,Business,3,7,3,8,7,3,90000,8,2,Mid,7
24,Male,3.4,1280,3.1,Arts,1,4,1,6,5,1,52000,6,5,Entry,8
23,Female,3.7,1460,3.6,Medicine,3,7,3,9,8,3,96000,9,2,Mid,6
21,Male,3.9,1580,3.9,Computer Science,4,9,5,10,9,5,148000,10,1,Senior,5
25,Female,3.6,1400,3.4,Law,3,6,3,8,7,3,88000,8,3,Mid,6
22,Male,3.4,1220,3.0,Psychology,1,3,1,6,5,1,46000,6,5,Entry,7
24,Female,3.8,1480,3.7,Business,3,8,3,9,8,4,106000,9,2,Mid,6
23,Male,3.5,1340,3.3,Engineering,2,6,2,7,6,2,78000,7,3,Mid,6
21,Female,3.7,1440,3.5,Marketing,3,7,3,8,7,3,72000,8,3,Mid,7
25,Male,3.9,1560,3.8,Medicine,4,9,5,10,9,5,150000,10,1,Senior,5
22,Female,3.5,1300,3.2,Business,2,5,2,7,6,2,70000,7,4,Mid,7
24,Male,3.3,1200,3.0,Arts,1,3,1,6,5,1,50000,6,5,Entry,8
23,Female,3.8,1520,3.7,Computer Science,3,8,3,9,8,4,110000,9,2,Mid,6
21,Male,3.6,1360,3.4,Law,2,5,2,8,7,2,82000,7,3,Mid,6
25,Female,3.7,1420,3.5,Psychology,3,7,3,8,7,3,86000,8,2,Mid,7
22,Male,3.4,1260,3.1,Business,1,4,1,7,6,1,54000,6,5,Entry,8
24,Female,3.9,1540,3.9,Computer Science,4,9,5,10,9,5,138000,10,1,Senior,5
23,Male,3.6,1380,3.4,Marketing,3,6,3,8,7,3,88000,8,3,Mid,6
21,Female,3.5,1320,3.3,Engineering,2,5,2,7,6,2,72000,7,4,Mid,7
25,Male,3.8,1500,3.7,Business,3,7,3,9,8,4,104000,9,2,Mid,6
22,Female,3.6,1340,3.5,Psychology,2,6,2,8,7,2,74000,7,3,Mid,7
24,Male,3.4,1240,3.0,Arts,1,3,1,6,5,1,52000,6,5,Entry,8
23,Female,3.7,1460,3.6,Medicine,3,7,3,9,8,3,98000,9,2,Mid,6
21,Male,3.9,1560,3.9,Computer Science,4,9,5,10,9,5,144000,10,1,Senior,5
25,Female,3.5,1280,3.2,Law,2,6,2,7,6,2,76000,7,4,Mid,7
22,Male,3.3,1180,2.9,Business,1,4,1,6,5,1,48000,6,5,Entry,8
24,Female,3.8,1520,3.7,Marketing,3,8,3,9,8,4,102000,9,2,Mid,6
23,Male,3.6,1360,3.4,Engineering,2,5,2,8,7,2,80000,7,3,Mid,6
21,Female,3.7,1480,3.5,Psychology,3,7,3,9,8,3,94000,8,2,Mid,6
25,Male,3.9,1580,3.8,Medicine,4,9,5,10,9,5,146000,10,1,Senior,5
22,Female,3.5,1320,3.3,Business,2,6,2,7,6,2,70000,7,4,Mid,7
24,Male,3.4,1220,3.0,Arts,1,3,1,6,5,1,54000,6,5,Entry,8
23,Female,3.8,1500,3.7,Computer Science,3,8,3,9,8,4,108000,9,2,Mid,6
21,Male,3.6,1340,3.4,Law,2,5,2,8,7,2,82000,7,3,Mid,6
25,Female,3.7,1400,3.5,Psychology,3,7,3,8,7,3,88000,8,2,Mid,7
22,Male,3.5,1300,3.2,Engineering,2,6,2,7,6,2,74000,7,4,Mid,6
24,Female,3.9,1540,3.9,Business,4,9,4,10,9,5,134000,10,1,Senior,5
23,Male,3.6,1380,3.5,Marketing,3,7,3,8,7,3,90000,8,3,Mid,6
21,Female,3.4,1260,3.1,Psychology,1,4,1,6,5,1,56000,6,5,Entry,8
25,Male,3.8,1480,3.7,Engineering,4,8,4,9,8,4,116000,9,2,Mid,6
22,Female,3.7,1420,3.5,Business,3,7,3,8,7,3,88000,8,2,Mid,7
24,Male,3.5,1300,3.3,Law,2,6,2,7,6,2,72000,7,4,Mid,6
23,Female,3.9,1560,3.9,Computer Science,4,9,5,10,9,5,140000,10,1,Senior,5
21,Male,3.6,1360,3.4,Psychology,2,5,2,8,7,2,80000,7,3,Mid,6
25,Female,3.7,1440,3.6,Marketing,3,7,3,9,8,3,94000,9,2,Mid,6
22,Male,3.4,1240,3.0,Business,1,4,1,6,5,1,52000,6,5,Entry,8
24,Female,3.8,1500,3.7,Engineering,3,8,3,9,8,4,110000,9,2,Mid,6
23,Male,3.5,1320,3.3,Law,2,5,2,7,6,2,76000,7,3,Mid,6
21,Female,3.7,1460,3.5,Psychology,3,7,3,8,7,3,90000,8,2,Mid,7
25,Male,3.9,1580,3.8,Medicine,4,9,5,10,9,5,148000,10,1,Senior,5
22,Female,3.6,1380,3.4,Business,2,6,2,8,7,2,84000,8,3,Mid,7
24,Male,3.3,1200,3.0,Arts,1,3,1,6,5,1,50000,6,5,Entry,8
23,Female,3.8,1520,3.7,Computer Science,3,8,3,9,8,4,106000,9,2,Mid,6
21,Male,3.6,1340,3.4,Marketing,2,5,2,7,6,2,78000,7,3,Mid,6
25,Female,3.7,1400,3.5,Engineering,3,7,3,8,7,3,92000,8,2,Mid,6
22,Male,3.4,1260,3.1,Law,1,4,1,7,6,1,54000,6,5,Entry,8
24,Female,3.9,1540,3.9,Business,4,9,4,10,9,5,134000,10,1,Senior,5
23,Male,3.6,1380,3.5,Marketing,3,7,3,8,7,3,90000,8,3,Mid,6
21,Female,3.4,1260,3.1,Psychology,1,4,1,6,5,1,56000,6,5,Entry,8
25,Male,3.8,1480,3.7,Engineering,4,8,4,9,8,4,116000,9,2,Mid,6
22,Female,3.7,1420,3.5,Business,3,7,3,8,7,3,88000,8,2,Mid,7
24,Male,3.5,1300,3.3,Law,2,6,2,7,6,2,72000,7,4,Mid,6
23,Female,3.9,1560,3.9,Computer Science,4,9,5,10,9,5,140000,10,1,Senior,5
21,Male,3.6,1360,3.4,Psychology,2,5,2,8,7,2,80000,7,3,Mid,6
25,Female,3.7,1440,3.6,Marketing,3,7,3,9,8,3,94000,9,2,Mid,6
22,Male,3.4,1240,3.0,Business,1,4,1,6,5,1,52000,6,5,Entry,8
24,Female,3.8,1500,3.7,Engineering,3,8,3,9,8,4,110000,9,2,Mid,6
23,Male,3.5,1320,3.3,Law,2,5,2,7,6,2,76000,7,3,Mid,6
21,Female,3.7,1460,3.5,Psychology,3,7,3,8,7,3,90000,8,2,Mid,7
25,Male,3.9,1580,3.8,Medicine,4,9,5,10,9,5,148000,10,1,Senior,5
22,Female,3.6,1380,3.4,Business,2,6,2,8,7,2,84000,8,3,Mid,7
24,Male,3.3,1200,3.0,Arts,1,3,1,6,5,1,50000,6,5,Entry,8
23,Female,3.8,1520,3.7,Computer Science,3,8,3,9,8,4,106000,9,2,Mid,6
21,Male,3.6,1340,3.4,Marketing,2,5,2,7,6,2,78000,7,3,Mid,6
25,Female,3.7,1400,3.5,Engineering,3,7,3,8,7,3,92000,8,2,Mid,6
22,Male,3.4,1260,3.1,Law,1,4,1,7,6,1,54000,6,5,Entry,8
24,Female,3.9,1540,3.9,Business,4,9,4,10,9,5,134000,10,1,Senior,5
23,Male,3.6,1380,3.5,Marketing,3,7,3,8,7,3,90000,8,3,Mid,6
21,Female,3.4,1260,3.1,Psychology,1,4,1,6,5,1,56000,6,5,Entry,8
25,Male,3.8,1480,3.7,Engineering,4,8,4,9,8,4,116000,9,2,Mid,6
22,Female,3.7,1420,3.5,Business,3,7,3,8,7,3,88000,8,2,Mid,7
24,Male,3.5,1300,3.3,Law,2,6,2,7,6,2,72000,7,4,Mid,6
23,Female,3.9,1560,3.9,Computer Science,4,9,5,10,9,5,140000,10,1,Senior,5
21,Male,3.6,1360,3.4,Psychology,2,5,2,8,7,2,80000,7,3,Mid,6
25,Female,3.7,1440,3.6,Marketing,3,7,3,9,8,3,94000,9,2,Mid,6
